NumericId,Name,Gt,Oss,Dd
1,安妮,https://game.gtimg.cn/images/lol/act/img/champion/Annie.png,https://ossweb-img.qq.com/images/lol/img/champion/Annie.png,https://ddragon.leagueoflegends.com/cdn/16.16.1/img/champion/Annie.png
2,奥拉夫,https://game.gtimg.cn/images/lol/act/img/champion/Olaf.png,https://ossweb-img.qq.com/images/lol/img/champion/Olaf.png,https://ddragon.leagueoflegends.com/cdn/16.16.1/img/champion/Olaf.png
3,加里奥,https://game.gtimg.cn/images/lol/act/img/champion/Galio.png,https://ossweb-img.qq.com/images/lol/img/champion/Galio.png,https://ddragon.leagueoflegends.com/cdn/16.16.1/img/champion/Galio.png
4,崔斯特,https://game.gtimg.cn/images/lol/act/img/champion/TwistedFate.png,https://ossweb-img.qq.com/images/lol/img/champion/TwistedFate.png,https://ddragon.leagueoflegends.com/cdn/16.16.1/img/champion/TwistedFate.png
5,赵信,https://game.gtimg.cn/images/lol/act/img/champion/XinZhao.png,https://ossweb-img.qq.com/images/lol/img/champion/XinZhao.png,https://ddragon.leagueoflegends.com/cdn/16.16.1/img/champion/XinZhao.png
6,厄加特,https://game.gtimg.cn/images/lol/act/img/champion/Urgot.png,https://ossweb-img.qq.com/images/lol/img/champion/Urgot.png,https://ddragon.leagueoflegends.com/cdn/16.16.1/img/champion/Urgot.png
7,乐芙兰,https://game.gtimg.cn/images/lol/act/img/champion/Leblanc.png,https://ossweb-img.qq.com/images/lol/img/champion/Leblanc.png,https://ddragon.leagueoflegends.com/cdn/16.16.1/img/champion/Leblanc.png
8,弗拉基米尔,https://game.gtimg.cn/images/lol/act/img/champion/Vladimir.png,https://ossweb-img.qq.com/images/lol/img/champion/Vladimir.png,https://ddragon.leagueoflegends.com/cdn/16.16.1/img/champion/Vladimir.png
9,费德提克,https://game.gtimg.cn/images/lol/act/img/champion/FiddleSticks.png,https://ossweb-img.qq.com/images/lol/img/champion/FiddleSticks.png,https://ddragon.leagueoflegends.com/cdn/16.16.1/img/champion/Fiddlesticks.png
10,凯尔,https://game.gtimg.cn/images/lol/act/img/champion/Kayle.png,https://ossweb-img.qq.com/images/lol/img/champion/Kayle.png,https://ddragon.leagueoflegends.com/cdn/16.16.1/img/champion/Kayle.png
11,易,https://game.gtimg.cn/images/lol/act/img/champion/MasterYi.png,https://ossweb-img.qq.com/images/lol/img/champion/MasterYi.png,https://ddragon.leagueoflegends.com/cdn/16.16.1/img/champion/MasterYi.png
12,阿利斯塔,https://game.gtimg.cn/images/lol/act/img/champion/Alistar.png,https://ossweb-img.qq.com/images/lol/img/champion/Alistar.png,https://ddragon.leagueoflegends.com/cdn/16.16.1/img/champion/Alistar.png
13,瑞兹,https://game.gtimg.cn/images/lol/act/img/champion/Ryze.png,https://ossweb-img.qq.com/images/lol/img/champion/Ryze.png,https://ddragon.leagueoflegends.com/cdn/16.16.1/img/champion/Ryze.png
14,赛恩,https://game.gtimg.cn/images/lol/act/img/champion/Sion.png,https://ossweb-img.qq.com/images/lol/img/champion/Sion.png,https://ddragon.leagueoflegends.com/cdn/16.16.1/img/champion/Sion.png
15,希维尔,https://game.gtimg.cn/images/lol/act/img/champion/Sivir.png,https://ossweb-img.qq.com/images/lol/img/champion/Sivir.png,https://ddragon.leagueoflegends.com/cdn/16.16.1/img/champion/Sivir.png
16,索拉卡,https://game.gtimg.cn/images/lol/act/img/champion/Soraka.png,https://ossweb-img.qq.com/images/lol/img/champion/Soraka.png,https://ddragon.leagueoflegends.com/cdn/16.16.1/img/champion/Soraka.png
17,提莫,https://game.gtimg.cn/images/lol/act/img/champion/Teemo.png,https://ossweb-img.qq.com/images/lol/img/champion/Teemo.png,https://ddragon.leagueoflegends.com/cdn/16.16.1/img/champion/Teemo.png
18,崔丝塔娜,https://game.gtimg.cn/images/lol/act/img/champion/Tristana.png,https://ossweb-img.qq.com/images/lol/img/champion/Tristana.png,https://ddragon.leagueoflegends.com/cdn/16.16.1/img/champion/Tristana.png
19,沃里克,https://game.gtimg.cn/images/lol/act/img/champion/Warwick.png,https://ossweb-img.qq.com/images/lol/img/champion/Warwick.png,https://ddragon.leagueoflegends.com/cdn/16.16.1/img/champion/Warwick.png
20,努努和威朗普,https://game.gtimg.cn/images/lol/act/img/champion/Nunu.png,https://ossweb-img.qq.com/images/lol/img/champion/Nunu.png,https://ddragon.leagueoflegends.com/cdn/16.16.1/img/champion/Nunu.png
21,厄运小姐,https://game.gtimg.cn/images/lol/act/img/champion/MissFortune.png,https://ossweb-img.qq.com/images/lol/img/champion/MissFortune.png,https://ddragon.leagueoflegends.com/cdn/16.16.1/img/champion/MissFortune.png
22,艾希,https://game.gtimg.cn/images/lol/act/img/champion/Ashe.png,https://ossweb-img.qq.com/images/lol/img/champion/Ashe.png,https://ddragon.leagueoflegends.com/cdn/16.16.1/img/champion/Ashe.png
23,泰达米尔,https://game.gtimg.cn/images/lol/act/img/champion/Tryndamere.png,https://ossweb-img.qq.com/images/lol/img/champion/Tryndamere.png,https://ddragon.leagueoflegends.com/cdn/16.16.1/img/champion/Tryndamere.png
24,贾克斯,https://game.gtimg.cn/images/lol/act/img/champion/Jax.png,https://ossweb-img.qq.com/images/lol/img/champion/Jax.png,https://ddragon.leagueoflegends.com/cdn/16.16.1/img/champion/Jax.png
25,莫甘娜,https://game.gtimg.cn/images/lol/act/img/champion/Morgana.png,https://ossweb-img.qq.com/images/lol/img/champion/Morgana.png,https://ddragon.leagueoflegends.com/cdn/16.16.1/img/champion/Morgana.png
26,基兰,https://game.gtimg.cn/images/lol/act/img/champion/Zilean.png,https://ossweb-img.qq.com/images/lol/img/champion/Zilean.png,https://ddragon.leagueoflegends.com/cdn/16.16.1/img/champion/Zilean.png
27,辛吉德,https://game.gtimg.cn/images/lol/act/img/champion/Singed.png,https://ossweb-img.qq.com/images/lol/img/champion/Singed.png,https://ddragon.leagueoflegends.com/cdn/16.16.1/img/champion/Singed.png
28,伊芙琳,https://game.gtimg.cn/images/lol/act/img/champion/Evelynn.png,https://ossweb-img.qq.com/images/lol/img/champion/Evelynn.png,https://ddragon.leagueoflegends.com/cdn/16.16.1/img/champion/Evelynn.png
29,图奇,https://game.gtimg.cn/images/lol/act/img/champion/Twitch.png,https://ossweb-img.qq.com/images/lol/img/champion/Twitch.png,https://ddragon.leagueoflegends.com/cdn/16.16.1/img/champion/Twitch.png
30,卡尔萨斯,https://game.gtimg.cn/images/lol/act/img/champion/Karthus.png,https://ossweb-img.qq.com/images/lol/img/champion/Karthus.png,https://ddragon.leagueoflegends.com/cdn/16.16.1/img/champion/Karthus.png
31,科加斯,https://game.gtimg.cn/images/lol/act/img/champion/Chogath.png,https://ossweb-img.qq.com/images/lol/img/champion/Chogath.png,https://ddragon.leagueoflegends.com/cdn/16.16.1/img/champion/Chogath.png
32,阿木木,https://game.gtimg.cn/images/lol/act/img/champion/Amumu.png,https://ossweb-img.qq.com/images/lol/img/champion/Amumu.png,https://ddragon.leagueoflegends.com/cdn/16.16.1/img/champion/Amumu.png
33,拉莫斯,https://game.gtimg.cn/images/lol/act/img/champion/Rammus.png,https://ossweb-img.qq.com/images/lol/img/champion/Rammus.png,https://ddragon.leagueoflegends.com/cdn/16.16.1/img/champion/Rammus.png
34,艾尼维亚,https://game.gtimg.cn/images/lol/act/img/champion/Anivia.png,https://ossweb-img.qq.com/images/lol/img/champion/Anivia.png,https://ddragon.leagueoflegends.com/cdn/16.16.1/img/champion/Anivia.png
35,萨科,https://game.gtimg.cn/images/lol/act/img/champion/Shaco.png,https://ossweb-img.qq.com/images/lol/img/champion/Shaco.png,https://ddragon.leagueoflegends.com/cdn/16.16.1/img/champion/Shaco.png
36,蒙多医生,https://game.gtimg.cn/images/lol/act/img/champion/DrMundo.png,https://ossweb-img.qq.com/images/lol/img/champion/DrMundo.png,https://ddragon.leagueoflegends.com/cdn/16.16.1/img/champion/DrMundo.png
37,娑娜,https://game.gtimg.cn/images/lol/act/img/champion/Sona.png,https://ossweb-img.qq.com/images/lol/img/champion/Sona.png,https://ddragon.leagueoflegends.com/cdn/16.16.1/img/champion/Sona.png
38,卡萨丁,https://game.gtimg.cn/images/lol/act/img/champion/Kassadin.png,https://ossweb-img.qq.com/images/lol/img/champion/Kassadin.png,https://ddragon.leagueoflegends.com/cdn/16.16.1/img/champion/Kassadin.png
39,艾瑞莉娅,https://game.gtimg.cn/images/lol/act/img/champion/Irelia.png,https://ossweb-img.qq.com/images/lol/img/champion/Irelia.png,https://ddragon.leagueoflegends.com/cdn/16.16.1/img/champion/Irelia.png
40,迦娜,https://game.gtimg.cn/images/lol/act/img/champion/Janna.png,https://ossweb-img.qq.com/images/lol/img/champion/Janna.png,https://ddragon.leagueoflegends.com/cdn/16.16.1/img/champion/Janna.png
41,普朗克,https://game.gtimg.cn/images/lol/act/img/champion/Gangplank.png,https://ossweb-img.qq.com/images/lol/img/champion/Gangplank.png,https://ddragon.leagueoflegends.com/cdn/16.16.1/img/champion/Gangplank.png
42,库奇,https://game.gtimg.cn/images/lol/act/img/champion/Corki.png,https://ossweb-img.qq.com/images/lol/img/champion/Corki.png,https://ddragon.leagueoflegends.com/cdn/16.16.1/img/champion/Corki.png
43,卡尔玛,https://game.gtimg.cn/images/lol/act/img/champion/Karma.png,https://ossweb-img.qq.com/images/lol/img/champion/Karma.png,https://ddragon.leagueoflegends.com/cdn/16.16.1/img/champion/Karma.png
44,塔里克,https://game.gtimg.cn/images/lol/act/img/champion/Taric.png,https://ossweb-img.qq.com/images/lol/img/champion/Taric.png,https://ddragon.leagueoflegends.com/cdn/16.16.1/img/champion/Taric.png
45,维迦,https://game.gtimg.cn/images/lol/act/img/champion/Veigar.png,https://ossweb-img.qq.com/images/lol/img/champion/Veigar.png,https://ddragon.leagueoflegends.com/cdn/16.16.1/img/champion/Veigar.png
48,特朗德尔,https://game.gtimg.cn/images/lol/act/img/champion/Trundle.png,https://ossweb-img.qq.com/images/lol/img/champion/Trundle.png,https://ddragon.leagueoflegends.com/cdn/16.16.1/img/champion/Trundle.png
50,斯维因,https://game.gtimg.cn/images/lol/act/img/champion/Swain.png,https://ossweb-img.qq.com/images/lol/img/champion/Swain.png,https://ddragon.leagueoflegends.com/cdn/16.16.1/img/champion/Swain.png
51,凯特琳,https://game.gtimg.cn/images/lol/act/img/champion/Caitlyn.png,https://ossweb-img.qq.com/images/lol/img/champion/Caitlyn.png,https://ddragon.leagueoflegends.com/cdn/16.16.1/img/champion/Caitlyn.png
53,布里茨,https://game.gtimg.cn/images/lol/act/img/champion/Blitzcrank.png,https://ossweb-img.qq.com/images/lol/img/champion/Blitzcrank.png,https://ddragon.leagueoflegends.com/cdn/16.16.1/img/champion/Blitzcrank.png
54,墨菲特,https://game.gtimg.cn/images/lol/act/img/champion/Malphite.png,https://ossweb-img.qq.com/images/lol/img/champion/Malphite.png,https://ddragon.leagueoflegends.com/cdn/16.16.1/img/champion/Malphite.png
55,卡特琳娜,https://game.gtimg.cn/images/lol/act/img/champion/Katarina.png,https://ossweb-img.qq.com/images/lol/img/champion/Katarina.png,https://ddragon.leagueoflegends.com/cdn/16.16.1/img/champion/Katarina.png
56,魔腾,https://game.gtimg.cn/images/lol/act/img/champion/Nocturne.png,https://ossweb-img.qq.com/images/lol/img/champion/Nocturne.png,https://ddragon.leagueoflegends.com/cdn/16.16.1/img/champion/Nocturne.png
57,茂凯,https://game.gtimg.cn/images/lol/act/img/champion/Maokai.png,https://ossweb-img.qq.com/images/lol/img/champion/Maokai.png,https://ddragon.leagueoflegends.com/cdn/16.16.1/img/champion/Maokai.png
58,雷克顿,https://game.gtimg.cn/images/lol/act/img/champion/Renekton.png,https://ossweb-img.qq.com/images/lol/img/champion/Renekton.png,https://ddragon.leagueoflegends.com/cdn/16.16.1/img/champion/Renekton.png
59,嘉文四世,https://game.gtimg.cn/images/lol/act/img/champion/JarvanIV.png,https://ossweb-img.qq.com/images/lol/img/champion/JarvanIV.png,https://ddragon.leagueoflegends.com/cdn/16.16.1/img/champion/JarvanIV.png
60,伊莉丝,https://game.gtimg.cn/images/lol/act/img/champion/Elise.png,https://ossweb-img.qq.com/images/lol/img/champion/Elise.png,https://ddragon.leagueoflegends.com/cdn/16.16.1/img/champion/Elise.png
61,奥莉安娜,https://game.gtimg.cn/images/lol/act/img/champion/Orianna.png,https://ossweb-img.qq.com/images/lol/img/champion/Orianna.png,https://ddragon.leagueoflegends.com/cdn/16.16.1/img/champion/Orianna.png
62,孙悟空,https://game.gtimg.cn/images/lol/act/img/champion/MonkeyKing.png,https://ossweb-img.qq.com/images/lol/img/champion/MonkeyKing.png,https://ddragon.leagueoflegends.com/cdn/16.16.1/img/champion/MonkeyKing.png
63,布兰德,https://game.gtimg.cn/images/lol/act/img/champion/Brand.png,https://ossweb-img.qq.com/images/lol/img/champion/Brand.png,https://ddragon.leagueoflegends.com/cdn/16.16.1/img/champion/Brand.png
64,李青,https://game.gtimg.cn/images/lol/act/img/champion/LeeSin.png,https://ossweb-img.qq.com/images/lol/img/champion/LeeSin.png,https://ddragon.leagueoflegends.com/cdn/16.16.1/img/champion/LeeSin.png
67,薇恩,https://game.gtimg.cn/images/lol/act/img/champion/Vayne.png,https://ossweb-img.qq.com/images/lol/img/champion/Vayne.png,https://ddragon.leagueoflegends.com/cdn/16.16.1/img/champion/Vayne.png
68,兰博,https://game.gtimg.cn/images/lol/act/img/champion/Rumble.png,https://ossweb-img.qq.com/images/lol/img/champion/Rumble.png,https://ddragon.leagueoflegends.com/cdn/16.16.1/img/champion/Rumble.png
69,卡西奥佩娅,https://game.gtimg.cn/images/lol/act/img/champion/Cassiopeia.png,https://ossweb-img.qq.com/images/lol/img/champion/Cassiopeia.png,https://ddragon.leagueoflegends.com/cdn/16.16.1/img/champion/Cassiopeia.png
72,斯卡纳,https://game.gtimg.cn/images/lol/act/img/champion/Skarner.png,https://ossweb-img.qq.com/images/lol/img/champion/Skarner.png,https://ddragon.leagueoflegends.com/cdn/16.16.1/img/champion/Skarner.png
74,黑默丁格,https://game.gtimg.cn/images/lol/act/img/champion/Heimerdinger.png,https://ossweb-img.qq.com/images/lol/img/champion/Heimerdinger.png,https://ddragon.leagueoflegends.com/cdn/16.16.1/img/champion/Heimerdinger.png
75,内瑟斯,https://game.gtimg.cn/images/lol/act/img/champion/Nasus.png,https://ossweb-img.qq.com/images/lol/img/champion/Nasus.png,https://ddragon.leagueoflegends.com/cdn/16.16.1/img/champion/Nasus.png
76,奈德丽,https://game.gtimg.cn/images/lol/act/img/champion/Nidalee.png,https://ossweb-img.qq.com/images/lol/img/champion/Nidalee.png,https://ddragon.leagueoflegends.com/cdn/16.16.1/img/champion/Nidalee.png
77,乌迪尔,https://game.gtimg.cn/images/lol/act/img/champion/Udyr.png,https://ossweb-img.qq.com/images/lol/img/champion/Udyr.png,https://ddragon.leagueoflegends.com/cdn/16.16.1/img/champion/Udyr.png
78,波比,https://game.gtimg.cn/images/lol/act/img/champion/Poppy.png,https://ossweb-img.qq.com/images/lol/img/champion/Poppy.png,https://ddragon.leagueoflegends.com/cdn/16.16.1/img/champion/Poppy.png
79,古拉加斯,https://game.gtimg.cn/images/lol/act/img/champion/Gragas.png,https://ossweb-img.qq.com/images/lol/img/champion/Gragas.png,https://ddragon.leagueoflegends.com/cdn/16.16.1/img/champion/Gragas.png
80,潘森,https://game.gtimg.cn/images/lol/act/img/champion/Pantheon.png,https://ossweb-img.qq.com/images/lol/img/champion/Pantheon.png,https://ddragon.leagueoflegends.com/cdn/16.16.1/img/champion/Pantheon.png
81,伊泽瑞尔,https://game.gtimg.cn/images/lol/act/img/champion/Ezreal.png,https://ossweb-img.qq.com/images/lol/img/champion/Ezreal.png,https://ddragon.leagueoflegends.com/cdn/16.16.1/img/champion/Ezreal.png
82,莫德凯撒,https://game.gtimg.cn/images/lol/act/img/champion/Mordekaiser.png,https://ossweb-img.qq.com/images/lol/img/champion/Mordekaiser.png,https://ddragon.leagueoflegends.com/cdn/16.16.1/img/champion/Mordekaiser.png
83,约里克,https://game.gtimg.cn/images/lol/act/img/champion/Yorick.png,https://ossweb-img.qq.com/images/lol/img/champion/Yorick.png,https://ddragon.leagueoflegends.com/cdn/16.16.1/img/champion/Yorick.png
84,阿卡丽,https://game.gtimg.cn/images/lol/act/img/champion/Akali.png,https://ossweb-img.qq.com/images/lol/img/champion/Akali.png,https://ddragon.leagueoflegends.com/cdn/16.16.1/img/champion/Akali.png
85,凯南,https://game.gtimg.cn/images/lol/act/img/champion/Kennen.png,https://ossweb-img.qq.com/images/lol/img/champion/Kennen.png,https://ddragon.leagueoflegends.com/cdn/16.16.1/img/champion/Kennen.png
86,盖伦,https://game.gtimg.cn/images/lol/act/img/champion/Garen.png,https://ossweb-img.qq.com/images/lol/img/champion/Garen.png,https://ddragon.leagueoflegends.com/cdn/16.16.1/img/champion/Garen.png
89,蕾欧娜,https://game.gtimg.cn/images/lol/act/img/champion/Leona.png,https://ossweb-img.qq.com/images/lol/img/champion/Leona.png,https://ddragon.leagueoflegends.com/cdn/16.16.1/img/champion/Leona.png
90,玛尔扎哈,https://game.gtimg.cn/images/lol/act/img/champion/Malzahar.png,https://ossweb-img.qq.com/images/lol/img/champion/Malzahar.png,https://ddragon.leagueoflegends.com/cdn/16.16.1/img/champion/Malzahar.png
91,泰隆,https://game.gtimg.cn/images/lol/act/img/champion/Talon.png,https://ossweb-img.qq.com/images/lol/img/champion/Talon.png,https://ddragon.leagueoflegends.com/cdn/16.16.1/img/champion/Talon.png
92,锐雯,https://game.gtimg.cn/images/lol/act/img/champion/Riven.png,https://ossweb-img.qq.com/images/lol/img/champion/Riven.png,https://ddragon.leagueoflegends.com/cdn/16.16.1/img/champion/Riven.png
96,克格莫,https://game.gtimg.cn/images/lol/act/img/champion/KogMaw.png,https://ossweb-img.qq.com/images/lol/img/champion/KogMaw.png,https://ddragon.leagueoflegends.com/cdn/16.16.1/img/champion/KogMaw.png
98,慎,https://game.gtimg.cn/images/lol/act/img/champion/Shen.png,https://ossweb-img.qq.com/images/lol/img/champion/Shen.png,https://ddragon.leagueoflegends.com/cdn/16.16.1/img/champion/Shen.png
99,拉克丝,https://game.gtimg.cn/images/lol/act/img/champion/Lux.png,https://ossweb-img.qq.com/images/lol/img/champion/Lux.png,https://ddragon.leagueoflegends.com/cdn/16.16.1/img/champion/Lux.png
101,泽拉斯,https://game.gtimg.cn/images/lol/act/img/champion/Xerath.png,https://ossweb-img.qq.com/images/lol/img/champion/Xerath.png,https://ddragon.leagueoflegends.com/cdn/16.16.1/img/champion/Xerath.png
102,希瓦娜,https://game.gtimg.cn/images/lol/act/img/champion/Shyvana.png,https://ossweb-img.qq.com/images/lol/img/champion/Shyvana.png,https://ddragon.leagueoflegends.com/cdn/16.16.1/img/champion/Shyvana.png
103,阿狸,https://game.gtimg.cn/images/lol/act/img/champion/Ahri.png,https://ossweb-img.qq.com/images/lol/img/champion/Ahri.png,https://ddragon.leagueoflegends.com/cdn/16.16.1/img/champion/Ahri.png
104,格雷福斯,https://game.gtimg.cn/images/lol/act/img/champion/Graves.png,https://ossweb-img.qq.com/images/lol/img/champion/Graves.png,https://ddragon.leagueoflegends.com/cdn/16.16.1/img/champion/Graves.png
105,菲兹,https://game.gtimg.cn/images/lol/act/img/champion/Fizz.png,https://ossweb-img.qq.com/images/lol/img/champion/Fizz.png,https://ddragon.leagueoflegends.com/cdn/16.16.1/img/champion/Fizz.png
106,沃利贝尔,https://game.gtimg.cn/images/lol/act/img/champion/Volibear.png,https://ossweb-img.qq.com/images/lol/img/champion/Volibear.png,https://ddragon.leagueoflegends.com/cdn/16.16.1/img/champion/Volibear.png
107,雷恩加尔,https://game.gtimg.cn/images/lol/act/img/champion/Rengar.png,https://ossweb-img.qq.com/images/lol/img/champion/Rengar.png,https://ddragon.leagueoflegends.com/cdn/16.16.1/img/champion/Rengar.png
110,韦鲁斯,https://game.gtimg.cn/images/lol/act/img/champion/Varus.png,https://ossweb-img.qq.com/images/lol/img/champion/Varus.png,https://ddragon.leagueoflegends.com/cdn/16.16.1/img/champion/Varus.png
111,诺提勒斯,https://game.gtimg.cn/images/lol/act/img/champion/Nautilus.png,https://ossweb-img.qq.com/images/lol/img/champion/Nautilus.png,https://ddragon.leagueoflegends.com/cdn/16.16.1/img/champion/Nautilus.png
112,维克托,https://game.gtimg.cn/images/lol/act/img/champion/Viktor.png,https://ossweb-img.qq.com/images/lol/img/champion/Viktor.png,https://ddragon.leagueoflegends.com/cdn/16.16.1/img/champion/Viktor.png
113,瑟庄妮,https://game.gtimg.cn/images/lol/act/img/champion/Sejuani.png,https://ossweb-img.qq.com/images/lol/img/champion/Sejuani.png,https://ddragon.leagueoflegends.com/cdn/16.16.1/img/champion/Sejuani.png
114,菲奥娜,https://game.gtimg.cn/images/lol/act/img/champion/Fiora.png,https://ossweb-img.qq.com/images/lol/img/champion/Fiora.png,https://ddragon.leagueoflegends.com/cdn/16.16.1/img/champion/Fiora.png
115,吉格斯,https://game.gtimg.cn/images/lol/act/img/champion/Ziggs.png,https://ossweb-img.qq.com/images/lol/img/champion/Ziggs.png,https://ddragon.leagueoflegends.com/cdn/16.16.1/img/champion/Ziggs.png
117,璐璐,https://game.gtimg.cn/images/lol/act/img/champion/Lulu.png,https://ossweb-img.qq.com/images/lol/img/champion/Lulu.png,https://ddragon.leagueoflegends.com/cdn/16.16.1/img/champion/Lulu.png
119,德莱文,https://game.gtimg.cn/images/lol/act/img/champion/Draven.png,https://ossweb-img.qq.com/images/lol/img/champion/Draven.png,https://ddragon.leagueoflegends.com/cdn/16.16.1/img/champion/Draven.png
120,赫卡里姆,https://game.gtimg.cn/images/lol/act/img/champion/Hecarim.png,https://ossweb-img.qq.com/images/lol/img/champion/Hecarim.png,https://ddragon.leagueoflegends.com/cdn/16.16.1/img/champion/Hecarim.png
121,卡兹克,https://game.gtimg.cn/images/lol/act/img/champion/Khazix.png,https://ossweb-img.qq.com/images/lol/img/champion/Khazix.png,https://ddragon.leagueoflegends.com/cdn/16.16.1/img/champion/Khazix.png
122,德莱厄斯,https://game.gtimg.cn/images/lol/act/img/champion/Darius.png,https://ossweb-img.qq.com/images/lol/img/champion/Darius.png,https://ddragon.leagueoflegends.com/cdn/16.16.1/img/champion/Darius.png
126,杰斯,https://game.gtimg.cn/images/lol/act/img/champion/Jayce.png,https://ossweb-img.qq.com/images/lol/img/champion/Jayce.png,https://ddragon.leagueoflegends.com/cdn/16.16.1/img/champion/Jayce.png
127,丽桑卓,https://game.gtimg.cn/images/lol/act/img/champion/Lissandra.png,https://ossweb-img.qq.com/images/lol/img/champion/Lissandra.png,https://ddragon.leagueoflegends.com/cdn/16.16.1/img/champion/Lissandra.png
131,黛安娜,https://game.gtimg.cn/images/lol/act/img/champion/Diana.png,https://ossweb-img.qq.com/images/lol/img/champion/Diana.png,https://ddragon.leagueoflegends.com/cdn/16.16.1/img/champion/Diana.png
133,奎因,https://game.gtimg.cn/images/lol/act/img/champion/Quinn.png,https://ossweb-img.qq.com/images/lol/img/champion/Quinn.png,https://ddragon.leagueoflegends.com/cdn/16.16.1/img/champion/Quinn.png
134,辛德拉,https://game.gtimg.cn/images/lol/act/img/champion/Syndra.png,https://ossweb-img.qq.com/images/lol/img/champion/Syndra.png,https://ddragon.leagueoflegends.com/cdn/16.16.1/img/champion/Syndra.png
136,奥瑞利安索尔,https://game.gtimg.cn/images/lol/act/img/champion/AurelionSol.png,https://ossweb-img.qq.com/images/lol/img/champion/AurelionSol.png,https://ddragon.leagueoflegends.com/cdn/16.16.1/img/champion/AurelionSol.png
141,凯隐,https://game.gtimg.cn/images/lol/act/img/champion/Kayn.png,https://ossweb-img.qq.com/images/lol/img/champion/Kayn.png,https://ddragon.leagueoflegends.com/cdn/16.16.1/img/champion/Kayn.png
142,佐伊,https://game.gtimg.cn/images/lol/act/img/champion/Zoe.png,https://ossweb-img.qq.com/images/lol/img/champion/Zoe.png,https://ddragon.leagueoflegends.com/cdn/16.16.1/img/champion/Zoe.png
143,婕拉,https://game.gtimg.cn/images/lol/act/img/champion/Zyra.png,https://ossweb-img.qq.com/images/lol/img/champion/Zyra.png,https://ddragon.leagueoflegends.com/cdn/16.16.1/img/champion/Zyra.png
145,卡莎,https://game.gtimg.cn/images/lol/act/img/champion/Kaisa.png,https://ossweb-img.qq.com/images/lol/img/champion/Kaisa.png,https://ddragon.leagueoflegends.com/cdn/16.16.1/img/champion/Kaisa.png
147,萨勒芬妮,https://game.gtimg.cn/images/lol/act/img/champion/Seraphine.png,https://ossweb-img.qq.com/images/lol/img/champion/Seraphine.png,https://ddragon.leagueoflegends.com/cdn/16.16.1/img/champion/Seraphine.png
150,纳尔,https://game.gtimg.cn/images/lol/act/img/champion/Gnar.png,https://ossweb-img.qq.com/images/lol/img/champion/Gnar.png,https://ddragon.leagueoflegends.com/cdn/16.16.1/img/champion/Gnar.png
154,扎克,https://game.gtimg.cn/images/lol/act/img/champion/Zac.png,https://ossweb-img.qq.com/images/lol/img/champion/Zac.png,https://ddragon.leagueoflegends.com/cdn/16.16.1/img/champion/Zac.png
157,亚索,https://game.gtimg.cn/images/lol/act/img/champion/Yasuo.png,https://ossweb-img.qq.com/images/lol/img/champion/Yasuo.png,https://ddragon.leagueoflegends.com/cdn/16.16.1/img/champion/Yasuo.png
161,维克兹,https://game.gtimg.cn/images/lol/act/img/champion/Velkoz.png,https://ossweb-img.qq.com/images/lol/img/champion/Velkoz.png,https://ddragon.leagueoflegends.com/cdn/16.16.1/img/champion/Velkoz.png
163,塔莉垭,https://game.gtimg.cn/images/lol/act/img/champion/Taliyah.png,https://ossweb-img.qq.com/images/lol/img/champion/Taliyah.png,https://ddragon.leagueoflegends.com/cdn/16.16.1/img/champion/Taliyah.png
164,卡蜜尔,https://game.gtimg.cn/images/lol/act/img/champion/Camille.png,https://ossweb-img.qq.com/images/lol/img/champion/Camille.png,https://ddragon.leagueoflegends.com/cdn/16.16.1/img/champion/Camille.png
166,阿克尚,https://game.gtimg.cn/images/lol/act/img/champion/Akshan.png,https://ossweb-img.qq.com/images/lol/img/champion/Akshan.png,https://ddragon.leagueoflegends.com/cdn/16.16.1/img/champion/Akshan.png
200,卑尔维斯,https://game.gtimg.cn/images/lol/act/img/champion/Belveth.png,https://ossweb-img.qq.com/images/lol/img/champion/Belveth.png,https://ddragon.leagueoflegends.com/cdn/16.16.1/img/champion/Belveth.png
201,布隆,https://game.gtimg.cn/images/lol/act/img/champion/Braum.png,https://ossweb-img.qq.com/images/lol/img/champion/Braum.png,https://ddragon.leagueoflegends.com/cdn/16.16.1/img/champion/Braum.png
202,烬,https://game.gtimg.cn/images/lol/act/img/champion/Jhin.png,https://ossweb-img.qq.com/images/lol/img/champion/Jhin.png,https://ddragon.leagueoflegends.com/cdn/16.16.1/img/champion/Jhin.png
203,千珏,https://game.gtimg.cn/images/lol/act/img/champion/Kindred.png,https://ossweb-img.qq.com/images/lol/img/champion/Kindred.png,https://ddragon.leagueoflegends.com/cdn/16.16.1/img/champion/Kindred.png
221,泽丽,https://game.gtimg.cn/images/lol/act/img/champion/Zeri.png,https://ossweb-img.qq.com/images/lol/img/champion/Zeri.png,https://ddragon.leagueoflegends.com/cdn/16.16.1/img/champion/Zeri.png
222,金克丝,https://game.gtimg.cn/images/lol/act/img/champion/Jinx.png,https://ossweb-img.qq.com/images/lol/img/champion/Jinx.png,https://ddragon.leagueoflegends.com/cdn/16.16.1/img/champion/Jinx.png
223,塔姆,https://game.gtimg.cn/images/lol/act/img/champion/TahmKench.png,https://ossweb-img.qq.com/images/lol/img/champion/TahmKench.png,https://ddragon.leagueoflegends.com/cdn/16.16.1/img/champion/TahmKench.png
233,贝蕾亚,https://game.gtimg.cn/images/lol/act/img/champion/Briar.png,https://ossweb-img.qq.com/images/lol/img/champion/Briar.png,https://ddragon.leagueoflegends.com/cdn/16.16.1/img/champion/Briar.png
234,佛耶戈,https://game.gtimg.cn/images/lol/act/img/champion/Viego.png,https://ossweb-img.qq.com/images/lol/img/champion/Viego.png,https://ddragon.leagueoflegends.com/cdn/16.16.1/img/champion/Viego.png
235,赛娜,https://game.gtimg.cn/images/lol/act/img/champion/Senna.png,https://ossweb-img.qq.com/images/lol/img/champion/Senna.png,https://ddragon.leagueoflegends.com/cdn/16.16.1/img/champion/Senna.png
236,卢锡安,https://game.gtimg.cn/images/lol/act/img/champion/Lucian.png,https://ossweb-img.qq.com/images/lol/img/champion/Lucian.png,https://ddragon.leagueoflegends.com/cdn/16.16.1/img/champion/Lucian.png
238,劫,https://game.gtimg.cn/images/lol/act/img/champion/Zed.png,https://ossweb-img.qq.com/images/lol/img/champion/Zed.png,https://ddragon.leagueoflegends.com/cdn/16.16.1/img/champion/Zed.png
240,克烈,https://game.gtimg.cn/images/lol/act/img/champion/Kled.png,https://ossweb-img.qq.com/images/lol/img/champion/Kled.png,https://ddragon.leagueoflegends.com/cdn/16.16.1/img/champion/Kled.png
245,艾克,https://game.gtimg.cn/images/lol/act/img/champion/Ekko.png,https://ossweb-img.qq.com/images/lol/img/champion/Ekko.png,https://ddragon.leagueoflegends.com/cdn/16.16.1/img/champion/Ekko.png
246,奇亚娜,https://game.gtimg.cn/images/lol/act/img/champion/Qiyana.png,https://ossweb-img.qq.com/images/lol/img/champion/Qiyana.png,https://ddragon.leagueoflegends.com/cdn/16.16.1/img/champion/Qiyana.png
254,蔚,https://game.gtimg.cn/images/lol/act/img/champion/Vi.png,https://ossweb-img.qq.com/images/lol/img/champion/Vi.png,https://ddragon.leagueoflegends.com/cdn/16.16.1/img/champion/Vi.png
266,亚托克斯,https://game.gtimg.cn/images/lol/act/img/champion/Aatrox.png,https://ossweb-img.qq.com/images/lol/img/champion/Aatrox.png,https://ddragon.leagueoflegends.com/cdn/16.16.1/img/champion/Aatrox.png
267,娜美,https://game.gtimg.cn/images/lol/act/img/champion/Nami.png,https://ossweb-img.qq.com/images/lol/img/champion/Nami.png,https://ddragon.leagueoflegends.com/cdn/16.16.1/img/champion/Nami.png
268,阿兹尔,https://game.gtimg.cn/images/lol/act/img/champion/Azir.png,https://ossweb-img.qq.com/images/lol/img/champion/Azir.png,https://ddragon.leagueoflegends.com/cdn/16.16.1/img/champion/Azir.png
350,悠米,https://game.gtimg.cn/images/lol/act/img/champion/Yuumi.png,https://ossweb-img.qq.com/images/lol/img/champion/Yuumi.png,https://ddragon.leagueoflegends.com/cdn/16.16.1/img/champion/Yuumi.png
360,莎弥拉,https://game.gtimg.cn/images/lol/act/img/champion/Samira.png,https://ossweb-img.qq.com/images/lol/img/champion/Samira.png,https://ddragon.leagueoflegends.com/cdn/16.16.1/img/champion/Samira.png
412,锤石,https://game.gtimg.cn/images/lol/act/img/champion/Thresh.png,https://ossweb-img.qq.com/images/lol/img/champion/Thresh.png,https://ddragon.leagueoflegends.com/cdn/16.16.1/img/champion/Thresh.png
420,俄洛伊,https://game.gtimg.cn/images/lol/act/img/champion/Illaoi.png,https://ossweb-img.qq.com/images/lol/img/champion/Illaoi.png,https://ddragon.leagueoflegends.com/cdn/16.16.1/img/champion/Illaoi.png
421,雷克塞,https://game.gtimg.cn/images/lol/act/img/champion/RekSai.png,https://ossweb-img.qq.com/images/lol/img/champion/RekSai.png,https://ddragon.leagueoflegends.com/cdn/16.16.1/img/champion/RekSai.png
427,艾翁,https://game.gtimg.cn/images/lol/act/img/champion/Ivern.png,https://ossweb-img.qq.com/images/lol/img/champion/Ivern.png,https://ddragon.leagueoflegends.com/cdn/16.16.1/img/champion/Ivern.png
429,卡莉丝塔,https://game.gtimg.cn/images/lol/act/img/champion/Kalista.png,https://ossweb-img.qq.com/images/lol/img/champion/Kalista.png,https://ddragon.leagueoflegends.com/cdn/16.16.1/img/champion/Kalista.png
432,巴德,https://game.gtimg.cn/images/lol/act/img/champion/Bard.png,https://ossweb-img.qq.com/images/lol/img/champion/Bard.png,https://ddragon.leagueoflegends.com/cdn/16.16.1/img/champion/Bard.png
497,洛,https://game.gtimg.cn/images/lol/act/img/champion/Rakan.png,https://ossweb-img.qq.com/images/lol/img/champion/Rakan.png,https://ddragon.leagueoflegends.com/cdn/16.16.1/img/champion/Rakan.png
498,霞,https://game.gtimg.cn/images/lol/act/img/champion/Xayah.png,https://ossweb-img.qq.com/images/lol/img/champion/Xayah.png,https://ddragon.leagueoflegends.com/cdn/16.16.1/img/champion/Xayah.png
516,奥恩,https://game.gtimg.cn/images/lol/act/img/champion/Ornn.png,https://ossweb-img.qq.com/images/lol/img/champion/Ornn.png,https://ddragon.leagueoflegends.com/cdn/16.16.1/img/champion/Ornn.png
517,塞拉斯,https://game.gtimg.cn/images/lol/act/img/champion/Sylas.png,https://ossweb-img.qq.com/images/lol/img/champion/Sylas.png,https://ddragon.leagueoflegends.com/cdn/16.16.1/img/champion/Sylas.png
518,妮蔻,https://game.gtimg.cn/images/lol/act/img/champion/Neeko.png,https://ossweb-img.qq.com/images/lol/img/champion/Neeko.png,https://ddragon.leagueoflegends.com/cdn/16.16.1/img/champion/Neeko.png
523,厄斐琉斯,https://game.gtimg.cn/images/lol/act/img/champion/Aphelios.png,https://ossweb-img.qq.com/images/lol/img/champion/Aphelios.png,https://ddragon.leagueoflegends.com/cdn/16.16.1/img/champion/Aphelios.png
526,芮尔,https://game.gtimg.cn/images/lol/act/img/champion/Rell.png,https://ossweb-img.qq.com/images/lol/img/champion/Rell.png,https://ddragon.leagueoflegends.com/cdn/16.16.1/img/champion/Rell.png
555,派克,https://game.gtimg.cn/images/lol/act/img/champion/Pyke.png,https://ossweb-img.qq.com/images/lol/img/champion/Pyke.png,https://ddragon.leagueoflegends.com/cdn/16.16.1/img/champion/Pyke.png
711,薇古丝,https://game.gtimg.cn/images/lol/act/img/champion/Vex.png,https://ossweb-img.qq.com/images/lol/img/champion/Vex.png,https://ddragon.leagueoflegends.com/cdn/16.16.1/img/champion/Vex.png
777,永恩,https://game.gtimg.cn/images/lol/act/img/champion/Yone.png,https://ossweb-img.qq.com/images/lol/img/champion/Yone.png,https://ddragon.leagueoflegends.com/cdn/16.16.1/img/champion/Yone.png
799,安蓓萨,https://game.gtimg.cn/images/lol/act/img/champion/Ambessa.png,https://ossweb-img.qq.com/images/lol/img/champion/Ambessa.png,https://ddragon.leagueoflegends.com/cdn/16.16.1/img/champion/Ambessa.png
800,梅尔,https://game.gtimg.cn/images/lol/act/img/champion/Mel.png,https://ossweb-img.qq.com/images/lol/img/champion/Mel.png,https://ddragon.leagueoflegends.com/cdn/16.16.1/img/champion/Mel.png
804,芸阿娜,https://game.gtimg.cn/images/lol/act/img/champion/Yunara.png,https://ossweb-img.qq.com/images/lol/img/champion/Yunara.png,https://ddragon.leagueoflegends.com/cdn/16.16.1/img/champion/Yunara.png
805,洛克,https://game.gtimg.cn/images/lol/act/img/champion/Locke.png,https://ossweb-img.qq.com/images/lol/img/champion/Locke.png,https://ddragon.leagueoflegends.com/cdn/16.16.1/img/champion/Locke.png
875,瑟提,https://game.gtimg.cn/images/lol/act/img/champion/Sett.png,https://ossweb-img.qq.com/images/lol/img/champion/Sett.png,https://ddragon.leagueoflegends.com/cdn/16.16.1/img/champion/Sett.png
876,莉莉娅,https://game.gtimg.cn/images/lol/act/img/champion/Lillia.png,https://ossweb-img.qq.com/images/lol/img/champion/Lillia.png,https://ddragon.leagueoflegends.com/cdn/16.16.1/img/champion/Lillia.png
887,格温,https://game.gtimg.cn/images/lol/act/img/champion/Gwen.png,https://ossweb-img.qq.com/images/lol/img/champion/Gwen.png,https://ddragon.leagueoflegends.com/cdn/16.16.1/img/champion/Gwen.png
888,烈娜塔 · 戈拉斯克,https://game.gtimg.cn/images/lol/act/img/champion/Renata.png,https://ossweb-img.qq.com/images/lol/img/champion/Renata.png,https://ddragon.leagueoflegends.com/cdn/16.16.1/img/champion/Renata.png
893,阿萝拉,https://game.gtimg.cn/images/lol/act/img/champion/Aurora.png,https://ossweb-img.qq.com/images/lol/img/champion/Aurora.png,https://ddragon.leagueoflegends.com/cdn/16.16.1/img/champion/Aurora.png
895,尼菈,https://game.gtimg.cn/images/lol/act/img/champion/Nilah.png,https://ossweb-img.qq.com/images/lol/img/champion/Nilah.png,https://ddragon.leagueoflegends.com/cdn/16.16.1/img/champion/Nilah.png
897,奎桑提,https://game.gtimg.cn/images/lol/act/img/champion/KSante.png,https://ossweb-img.qq.com/images/lol/img/champion/KSante.png,https://ddragon.leagueoflegends.com/cdn/16.16.1/img/champion/KSante.png
901,斯莫德,https://game.gtimg.cn/images/lol/act/img/champion/Smolder.png,https://ossweb-img.qq.com/images/lol/img/champion/Smolder.png,https://ddragon.leagueoflegends.com/cdn/16.16.1/img/champion/Smolder.png
902,米利欧,https://game.gtimg.cn/images/lol/act/img/champion/Milio.png,https://ossweb-img.qq.com/images/lol/img/champion/Milio.png,https://ddragon.leagueoflegends.com/cdn/16.16.1/img/champion/Milio.png
904,亚恒,https://game.gtimg.cn/images/lol/act/img/champion/Zaahen.png,https://ossweb-img.qq.com/images/lol/img/champion/Zaahen.png,https://ddragon.leagueoflegends.com/cdn/16.16.1/img/champion/Zaahen.png
910,彗,https://game.gtimg.cn/images/lol/act/img/champion/Hwei.png,https://ossweb-img.qq.com/images/lol/img/champion/Hwei.png,https://ddragon.leagueoflegends.com/cdn/16.16.1/img/champion/Hwei.png
950,纳亚菲利,https://game.gtimg.cn/images/lol/act/img/champion/Naafiri.png,https://ossweb-img.qq.com/images/lol/img/champion/Naafiri.png,https://ddragon.leagueoflegends.com/cdn/16.16.1/img/champion/Naafiri.png
