装备名,图标URL
黯炎火炬,https://game.gtimg.cn/images/lol/act/img/item/2503.png
黯影阔剑,https://game.gtimg.cn/images/lol/act/img/item/3179.png
霸王血铠,https://game.gtimg.cn/images/lol/act/img/item/2501.png
败魔,https://game.gtimg.cn/images/lol/act/img/item/2504.png
班德尔玻璃镜,https://game.gtimg.cn/images/lol/act/img/item/4642.png
班德尔音管,https://game.gtimg.cn/images/lol/act/img/item/2524.png
斑比的熔渣,https://game.gtimg.cn/images/lol/act/img/item/6660.png
暴风之剑,https://game.gtimg.cn/images/lol/act/img/item/1038.png
暴食胫甲,https://game.gtimg.cn/images/lol/act/img/item/3008.png
爆裂魔杖,https://game.gtimg.cn/images/lol/act/img/item/1026.png
冰川圆盾,https://game.gtimg.cn/images/lol/act/img/item/3024.png
冰脉护手,https://game.gtimg.cn/images/lol/act/img/item/6662.png
冰霜之心,https://game.gtimg.cn/images/lol/act/img/item/3110.png
不朽盾弓,https://game.gtimg.cn/images/lol/act/img/item/6673.png
不朽之路,https://game.gtimg.cn/images/lol/act/img/item/3168.png
布甲,https://game.gtimg.cn/images/lol/act/img/item/1029.png
残暴之力,https://game.gtimg.cn/images/lol/act/img/item/2020.png
残疫,https://game.gtimg.cn/images/lol/act/img/item/3118.png
斥候弹弓,https://game.gtimg.cn/images/lol/act/img/item/3144.png
炽热香炉,https://game.gtimg.cn/images/lol/act/img/item/3504.png
璀璨回响,https://game.gtimg.cn/images/lol/act/img/item/6664.png
萃取,https://game.gtimg.cn/images/lol/act/img/item/1083.png
翠绿屏障,https://game.gtimg.cn/images/lol/act/img/item/4632.png
大天使之杖,https://game.gtimg.cn/images/lol/act/img/item/3003.png
带链碾碎者,https://game.gtimg.cn/images/lol/act/img/item/3173.png
带翼的月板甲,https://game.gtimg.cn/images/lol/act/img/item/3066.png
帝国指令,https://game.gtimg.cn/images/lol/act/img/item/4005.png
电震涡流剑,https://game.gtimg.cn/images/lol/act/img/item/6699.png
短剑,https://game.gtimg.cn/images/lol/act/img/item/1042.png
多兰之盾,https://game.gtimg.cn/images/lol/act/img/item/1054.png
多兰之弓,https://game.gtimg.cn/images/lol/act/img/item/1086.png
多兰之戒,https://game.gtimg.cn/images/lol/act/img/item/1056.png
多兰之盔,https://game.gtimg.cn/images/lol/act/img/item/1120.png
多兰之刃,https://game.gtimg.cn/images/lol/act/img/item/1055.png
多米尼克领主的致意,https://game.gtimg.cn/images/lol/act/img/item/3036.png
夺萃之镰,https://game.gtimg.cn/images/lol/act/img/item/3508.png
恶魔法典,https://game.gtimg.cn/images/lol/act/img/item/3108.png
耳语头环,https://game.gtimg.cn/images/lol/act/img/item/2526.png
法师之靴,https://game.gtimg.cn/images/lol/act/img/item/3020.png
凡性的提醒,https://game.gtimg.cn/images/lol/act/img/item/3033.png
反曲之弓,https://game.gtimg.cn/images/lol/act/img/item/1043.png
放血者的诅咒,https://game.gtimg.cn/images/lol/act/img/item/8010.png
焚天,https://game.gtimg.cn/images/lol/act/img/item/6610.png
愤怒合剂,https://game.gtimg.cn/images/lol/act/img/item/2140.png
风暴狂涌,https://game.gtimg.cn/images/lol/act/img/item/4646.png
风行狐幼体,https://game.gtimg.cn/images/lol/act/img/item/1102.png
负极斗篷,https://game.gtimg.cn/images/lol/act/img/item/1057.png
复用型药水,https://game.gtimg.cn/images/lol/act/img/item/2031.png
缚炉之斧,https://game.gtimg.cn/images/lol/act/img/item/3051.png
钢铁合剂,https://game.gtimg.cn/images/lol/act/img/item/2138.png
钢铁烈阳之匣,https://game.gtimg.cn/images/lol/act/img/item/3190.png
钢铁印章,https://game.gtimg.cn/images/lol/act/img/item/2019.png
公理圆弧,https://game.gtimg.cn/images/lol/act/img/item/6696.png
鬼索的狂暴之刃,https://game.gtimg.cn/images/lol/act/img/item/3124.png
海克斯镜片 C44,https://game.gtimg.cn/images/lol/act/img/item/2523.png
海克斯科技发电机,https://game.gtimg.cn/images/lol/act/img/item/3145.png
海克斯科技火箭腰带,https://game.gtimg.cn/images/lol/act/img/item/3152.png
海克斯科技枪刃,https://game.gtimg.cn/images/lol/act/img/item/3146.png
海克斯饮魔刀,https://game.gtimg.cn/images/lol/act/img/item/3155.png
海克斯注力刚壁,https://game.gtimg.cn/images/lol/act/img/item/3073.png
海力亚的回响,https://game.gtimg.cn/images/lol/act/img/item/6620.png
海妖杀手,https://game.gtimg.cn/images/lol/act/img/item/6672.png
黑暗封印,https://game.gtimg.cn/images/lol/act/img/item/1082.png
黑色切割者,https://game.gtimg.cn/images/lol/act/img/item/3071.png
红水晶,https://game.gtimg.cn/images/lol/act/img/item/1028.png
幻影之舞,https://game.gtimg.cn/images/lol/act/img/item/3046.png
黄昏与黎明,https://game.gtimg.cn/images/lol/act/img/item/2510.png
基克的聚合,https://game.gtimg.cn/images/lol/act/img/item/3050.png
疾射火炮,https://game.gtimg.cn/images/lol/act/img/item/3094.png
棘刺背心,https://game.gtimg.cn/images/lol/act/img/item/3076.png
剑翎,https://game.gtimg.cn/images/lol/act/img/item/6690.png
界弓,https://game.gtimg.cn/images/lol/act/img/item/3302.png
禁忌雕像,https://game.gtimg.cn/images/lol/act/img/item/3114.png
荆棘之甲,https://game.gtimg.cn/images/lol/act/img/item/3075.png
晶体护腕,https://game.gtimg.cn/images/lol/act/img/item/3801.png
净蚀,https://game.gtimg.cn/images/lol/act/img/item/3044.png
救赎,https://game.gtimg.cn/images/lol/act/img/item/3107.png
巨人腰带,https://game.gtimg.cn/images/lol/act/img/item/1011.png
巨蛇之牙,https://game.gtimg.cn/images/lol/act/img/item/6695.png
巨型九头蛇,https://game.gtimg.cn/images/lol/act/img/item/3748.png
锯齿短匕,https://game.gtimg.cn/images/lol/act/img/item/3134.png
掘道钻头,https://game.gtimg.cn/images/lol/act/img/item/2021.png
抗魔斗篷,https://game.gtimg.cn/images/lol/act/img/item/1033.png
考尔菲德的战锤,https://game.gtimg.cn/images/lol/act/img/item/3133.png
控制守卫,https://game.gtimg.cn/images/lol/act/img/item/2055.png
枯萎珠宝,https://game.gtimg.cn/images/lol/act/img/item/4630.png
狂热,https://game.gtimg.cn/images/lol/act/img/item/3086.png
狂徒铠甲,https://game.gtimg.cn/images/lol/act/img/item/3083.png
狂妄,https://game.gtimg.cn/images/lol/act/img/item/6697.png
狂战士胫甲,https://game.gtimg.cn/images/lol/act/img/item/3006.png
兰德里的折磨,https://game.gtimg.cn/images/lol/act/img/item/6653.png
兰顿之兆,https://game.gtimg.cn/images/lol/act/img/item/3143.png
岚切,https://game.gtimg.cn/images/lol/act/img/item/3097.png
蓝水晶,https://game.gtimg.cn/images/lol/act/img/item/1027.png
黎明核心,https://game.gtimg.cn/images/lol/act/img/item/6621.png
炼金朋克链锯剑,https://game.gtimg.cn/images/lol/act/img/item/6609.png
猎魔人弩箭,https://game.gtimg.cn/images/lol/act/img/item/2512.png
裂隙制造者,https://game.gtimg.cn/images/lol/act/img/item/4633.png
凛冬之临,https://game.gtimg.cn/images/lol/act/img/item/3119.png
灵能使之靴,https://game.gtimg.cn/images/lol/act/img/item/3175.png
灵巧披风,https://game.gtimg.cn/images/lol/act/img/item/1018.png
流水法杖,https://game.gtimg.cn/images/lol/act/img/item/6616.png
卢安娜的飓风,https://game.gtimg.cn/images/lol/act/img/item/3085.png
卢登的回声,https://game.gtimg.cn/images/lol/act/img/item/6655.png
玛莫提乌斯之噬,https://game.gtimg.cn/images/lol/act/img/item/3156.png
梅贾的窃魂卷,https://game.gtimg.cn/images/lol/act/img/item/3041.png
米凯尔的祝福,https://game.gtimg.cn/images/lol/act/img/item/3222.png
灭世者的死亡之帽,https://game.gtimg.cn/images/lol/act/img/item/3089.png
明朗之靴,https://game.gtimg.cn/images/lol/act/img/item/3158.png
命定灰烬,https://game.gtimg.cn/images/lol/act/img/item/2508.png
摩天雪橇,https://game.gtimg.cn/images/lol/act/img/item/3876.png
魔宗,https://game.gtimg.cn/images/lol/act/img/item/3004.png
莫雷洛秘典,https://game.gtimg.cn/images/lol/act/img/item/3165.png
纳什之牙,https://game.gtimg.cn/images/lol/act/img/item/3115.png
纳沃利烁刃,https://game.gtimg.cn/images/lol/act/img/item/6675.png
女神之泪,https://game.gtimg.cn/images/lol/act/img/item/3070.png
女妖面纱,https://game.gtimg.cn/images/lol/act/img/item/3102.png
炮铜胫甲,https://game.gtimg.cn/images/lol/act/img/item/3172.png
破败王者之刃,https://game.gtimg.cn/images/lol/act/img/item/3153.png
破舰者,https://game.gtimg.cn/images/lol/act/img/item/3181.png
破垒者,https://game.gtimg.cn/images/lol/act/img/item/2520.png
骑士之誓,https://game.gtimg.cn/images/lol/act/img/item/3109.png
千变者贾修,https://game.gtimg.cn/images/lol/act/img/item/6665.png
强化符文等级,https://ddragon.leagueoflegends.com/cdn/16.16.1/img/item/2147.png
轻灵之靴,https://game.gtimg.cn/images/lol/act/img/item/3009.png
燃烧宝石,https://game.gtimg.cn/images/lol/act/img/item/3067.png
日炎圣盾,https://game.gtimg.cn/images/lol/act/img/item/3068.png
瑞莱的冰晶节杖,https://game.gtimg.cn/images/lol/act/img/item/3116.png
赛瑞尔达的怨恨,https://game.gtimg.cn/images/lol/act/img/item/6694.png
三相之力,https://game.gtimg.cn/images/lol/act/img/item/3078.png
深渊面具,https://game.gtimg.cn/images/lol/act/img/item/8020.png
神谕透镜,https://game.gtimg.cn/images/lol/act/img/item/3364.png
生命药水,https://game.gtimg.cn/images/lol/act/img/item/2003.png
十字镐,https://game.gtimg.cn/images/lol/act/img/item/1037.png
时光之杖,https://game.gtimg.cn/images/lol/act/img/item/6657.png
实现器,https://game.gtimg.cn/images/lol/act/img/item/2522.png
视界专注,https://game.gtimg.cn/images/lol/act/img/item/4628.png
收集者,https://game.gtimg.cn/images/lol/act/img/item/6676.png
守护天使,https://game.gtimg.cn/images/lol/act/img/item/3026.png
守护者法球,https://game.gtimg.cn/images/lol/act/img/item/3112.png
守护者号角,https://game.gtimg.cn/images/lol/act/img/item/2051.png
守护者战锤,https://game.gtimg.cn/images/lol/act/img/item/3184.png
守护者之刃,https://game.gtimg.cn/images/lol/act/img/item/3177.png
守望者铠甲,https://game.gtimg.cn/images/lol/act/img/item/3082.png
舒瑞娅的战歌,https://game.gtimg.cn/images/lol/act/img/item/2065.png
水银饰带,https://game.gtimg.cn/images/lol/act/img/item/3140.png
水银弯刀,https://game.gtimg.cn/images/lol/act/img/item/3139.png
水银之靴,https://game.gtimg.cn/images/lol/act/img/item/3111.png
朔极之矛,https://game.gtimg.cn/images/lol/act/img/item/3161.png
斯塔缇克电刃,https://game.gtimg.cn/images/lol/act/img/item/3087.png
斯特拉克的挑战护手,https://game.gtimg.cn/images/lol/act/img/item/3053.png
死亡之舞,https://game.gtimg.cn/images/lol/act/img/item/6333.png
死刑宣告,https://game.gtimg.cn/images/lol/act/img/item/3123.png
锁子甲,https://game.gtimg.cn/images/lol/act/img/item/1031.png
踏苔蜥幼苗,https://game.gtimg.cn/images/lol/act/img/item/1103.png
贪欲九头蛇,https://game.gtimg.cn/images/lol/act/img/item/3074.png
探索者的护臂,https://game.gtimg.cn/images/lol/act/img/item/2420.png
提亚马特,https://game.gtimg.cn/images/lol/act/img/item/3077.png
铁板靴,https://game.gtimg.cn/images/lol/act/img/item/3047.png
挺进破坏者,https://game.gtimg.cn/images/lol/act/img/item/6631.png
蜕生,https://game.gtimg.cn/images/lol/act/img/item/3137.png
万世催化石,https://game.gtimg.cn/images/lol/act/img/item/3803.png
亡者的板甲,https://game.gtimg.cn/images/lol/act/img/item/3742.png
巫术合剂,https://game.gtimg.cn/images/lol/act/img/item/2139.png
巫妖之祸,https://game.gtimg.cn/images/lol/act/img/item/3100.png
无尽之刃,https://game.gtimg.cn/images/lol/act/img/item/3031.png
无穷饥渴,https://game.gtimg.cn/images/lol/act/img/item/2517.png
无用大棒,https://game.gtimg.cn/images/lol/act/img/item/1058.png
无终恨意,https://game.gtimg.cn/images/lol/act/img/item/2502.png
吸血鬼节杖,https://game.gtimg.cn/images/lol/act/img/item/1053.png
仙女护符,https://game.gtimg.cn/images/lol/act/img/item/1004.png
鞋子,https://game.gtimg.cn/images/lol/act/img/item/1001.png
亵渎九头蛇,https://game.gtimg.cn/images/lol/act/img/item/6698.png
心之钢,https://game.gtimg.cn/images/lol/act/img/item/3084.png
星界据守,https://game.gtimg.cn/images/lol/act/img/item/3869.png
星界驱驰,https://game.gtimg.cn/images/lol/act/img/item/4629.png
星蚀,https://game.gtimg.cn/images/lol/act/img/item/6692.png
猩红明朗,https://game.gtimg.cn/images/lol/act/img/item/3171.png
虚空之杖,https://game.gtimg.cn/images/lol/act/img/item/3135.png
血鸣,https://game.gtimg.cn/images/lol/act/img/item/3877.png
迅速进军,https://game.gtimg.cn/images/lol/act/img/item/3170.png
湮灭宝珠,https://game.gtimg.cn/images/lol/act/img/item/3916.png
焰爪猫幼崽,https://game.gtimg.cn/images/lol/act/img/item/1101.png
耀光,https://game.gtimg.cn/images/lol/act/img/item/3057.png
夜之锋刃,https://game.gtimg.cn/images/lol/act/img/item/3814.png
遗失的章节,https://game.gtimg.cn/images/lol/act/img/item/3802.png
已弃用的装备,https://game.gtimg.cn/images/lol/act/img/item/3095.png
以太精魂,https://game.gtimg.cn/images/lol/act/img/item/3113.png
饮血剑,https://game.gtimg.cn/images/lol/act/img/item/3072.png
荧尘,https://game.gtimg.cn/images/lol/act/img/item/2022.png
影焰,https://game.gtimg.cn/images/lol/act/img/item/4645.png
幽魂斗篷,https://game.gtimg.cn/images/lol/act/img/item/3211.png
幽魂面具,https://game.gtimg.cn/images/lol/act/img/item/3147.png
幽梦之灵,https://game.gtimg.cn/images/lol/act/img/item/3142.png
育恩塔尔荒野箭,https://game.gtimg.cn/images/lol/act/img/item/3032.png
原生质护带,https://game.gtimg.cn/images/lol/act/img/item/2525.png
圆梦使者,https://game.gtimg.cn/images/lol/act/img/item/3870.png
远见改造,https://game.gtimg.cn/images/lol/act/img/item/3363.png
月石再生器,https://game.gtimg.cn/images/lol/act/img/item/6617.png
云游图鉴,https://game.gtimg.cn/images/lol/act/img/item/3865.png
增幅典籍,https://game.gtimg.cn/images/lol/act/img/item/1052.png
扎兹沙克的溃口,https://game.gtimg.cn/images/lol/act/img/item/3871.png
长剑,https://game.gtimg.cn/images/lol/act/img/item/1036.png
侦察守卫,https://game.gtimg.cn/images/lol/act/img/item/3340.png
振奋盔甲,https://game.gtimg.cn/images/lol/act/img/item/3065.png
正午箭袋,https://game.gtimg.cn/images/lol/act/img/item/6670.png
治疗宝珠,https://game.gtimg.cn/images/lol/act/img/item/1006.png
智慧末刃,https://game.gtimg.cn/images/lol/act/img/item/3091.png
中娅沙漏,https://game.gtimg.cn/images/lol/act/img/item/3157.png
装甲战靴,https://game.gtimg.cn/images/lol/act/img/item/3174.png
自然之力,https://game.gtimg.cn/images/lol/act/img/item/4401.png
最后的轻语,https://game.gtimg.cn/images/lol/act/img/item/3035.png